,original,nouns,nounsverbs,nounsverbsadj,contentwords,functionwords,random-nouns
original,1.0,4.9474461944009885e-09,1.8554242891009903e-05,0.0004623207443549132,0.0007458686418374838,1.8476333093454817e-13,1.8476333093454817e-13
nouns,4.9474461944009885e-09,1.0,0.0005659397067672603,0.00017759553668351066,3.958681809736032e-05,5.376052128047119e-10,2.090451174294842e-10
nounsverbs,1.8554242891009903e-05,0.0005659397067672603,1.0,0.3322161078517307,0.15891974542464385,3.090321741358874e-11,2.220822232161594e-11
nounsverbsadj,0.0004623207443549132,0.00017759553668351066,0.3322161078517307,1.0,0.6839883035434722,7.167255089331945e-11,3.676070573708574e-11
contentwords,0.0007458686418374838,3.958681809736032e-05,0.15891974542464385,0.6839883035434722,1.0,2.533512363758726e-11,2.0896950557546956e-11
functionwords,1.8476333093454817e-13,5.376052128047119e-10,3.090321741358874e-11,7.167255089331945e-11,2.533512363758726e-11,1.0,0.10206135836838476
random-nouns,1.8476333093454817e-13,2.090451174294842e-10,2.220822232161594e-11,3.676070573708574e-11,2.0896950557546956e-11,0.10206135836838476,1.0
