,original,random-wl
original,1.0,2.6420288370684223e-14
random-wl,2.6420288370684223e-14,1.0
