,original,scrambled1,scrambled3,scrambled5,scrambled7,backward,lowpmi,lowpmi-random
original,1.0,0.32035377917788244,0.012346441728081158,0.012264956681788196,0.012264956681788196,0.001280898108851002,0.012264956681788196,0.0033355210944923564
scrambled1,0.32035377917788244,1.0,0.17877622349188568,0.13658751610684555,0.13658751610684555,0.012264956681788196,0.17877622349188568,0.038595516394722564
scrambled3,0.012346441728081158,0.17877622349188568,1.0,0.8400753461912278,0.8310260993770879,0.0835775151740867,0.9583656454125236,0.2559292100302918
scrambled5,0.012264956681788196,0.13658751610684555,0.8400753461912278,1.0,0.9583656454125236,0.13314482685400963,0.8310260993770879,0.3605496324675407
scrambled7,0.012264956681788196,0.13658751610684555,0.8310260993770879,0.9583656454125236,1.0,0.13658751610684555,0.8250645462233028,0.37592359461445096
backward,0.001280898108851002,0.012264956681788196,0.0835775151740867,0.13314482685400963,0.13658751610684555,1.0,0.06347771354309056,0.48766252973509333
lowpmi,0.012264956681788196,0.17877622349188568,0.9583656454125236,0.8310260993770879,0.8250645462233028,0.06347771354309056,1.0,0.21262041865477666
lowpmi-random,0.0033355210944923564,0.038595516394722564,0.2559292100302918,0.3605496324675407,0.37592359461445096,0.48766252973509333,0.21262041865477666,1.0
