,original,sent_passage,sent_topic,sent_random
original,1.0,0.06323046107517066,0.0007848693001481465,0.00016860433372090547
sent_passage,0.06323046107517066,1.0,0.027310931108467756,0.0025854256595263863
sent_topic,0.0007848693001481465,0.027310931108467756,1.0,0.18348707544279308
sent_random,0.00016860433372090547,0.0025854256595263863,0.18348707544279308,1.0
