,original,length-control,random-wl
original,1.0,1.8347541774984214e-14,0.014152760509998922
length-control,1.8347541774984214e-14,1.0,2.6243630501545325e-11
random-wl,0.014152760509998922,2.6243630501545325e-11,1.0
