,original,nouns,nounsverbs,nounsverbsadj,contentwords,functionwords,random-nouns
original,1.0,0.18606766740713315,0.5119700190239913,0.5119700190239913,0.6965106290116472,5.463145370737687e-08,0.006578435099504073
nouns,0.18606766740713315,1.0,0.5119700190239913,0.5090270173072476,0.4386828146781452,1.6956907708938788e-06,0.13134084804406562
nounsverbs,0.5119700190239913,0.5119700190239913,1.0,0.9669733260894098,0.8455084190778551,1.2868553367780068e-07,0.024437269409913975
nounsverbsadj,0.5119700190239913,0.5090270173072476,0.9669733260894098,1.0,0.8455084190778551,8.035672107506499e-08,0.019325714905148807
contentwords,0.6965106290116472,0.4386828146781452,0.8455084190778551,0.8455084190778551,1.0,1.2473345217328945e-07,0.019325714905148807
functionwords,5.463145370737687e-08,1.6956907708938788e-06,1.2868553367780068e-07,8.035672107506499e-08,1.2473345217328945e-07,1.0,0.0007768068027392834
random-nouns,0.006578435099504073,0.13134084804406562,0.024437269409913975,0.019325714905148807,0.019325714905148807,0.0007768068027392834,1.0
