,original,sent_passage,sent_topic,sent_random
original,1.0,0.00015398313090502134,1.0893378549643963e-11,1.669733698261116e-14
sent_passage,0.00015398313090502134,1.0,1.4083496344690777e-10,1.669733698261116e-14
sent_topic,1.0893378549643963e-11,1.4083496344690777e-10,1.0,3.4404562792959504e-05
sent_random,1.669733698261116e-14,1.669733698261116e-14,3.4404562792959504e-05,1.0
