1LocalWordSwap,3LocalWordSwaps,5LocalWordSwaps,7LocalWordSwaps,ReverseOrder,LowPMI,LowPMIRand,KeepContentW,KeepNVAdj,KeepNV,KeepN,KeepFunctionW,RandSentFromPassage,RandSentFromTopic,RandSent,RandWordList
0.6112534593733849,1.57166597885311,1.8307954154371255,2.3725430606357873,4.242572572001714,2.519662864294326,3.8776733611687018,1.608429356118825,1.6632119227270248,2.6475567136713463,3.4179115460943623,16.529811339690877,-0.2906882486098745,11.580498322221091,20.724710839730157,16.49563742746946
0.5486742781870071,0.15568010395713724,0.11723324903020475,0.05077429474245571,0.0034276825502966048,0.049965082740149235,0.0038603271308874877,0.12513952218742355,0.12513952218742355,0.02728866028385837,0.007668384629981251,1.2558665465325763e-11,0.7746124738173777,1.3394558657121708e-09,1.5617129024122835e-13,2.6013557198101966e-12
0.2733608573281582,0.7028703933278602,0.8187566003624754,1.0610335126254045,1.8973361340943906,1.1268274889887866,1.7341482460226605,0.7193114754575812,0.7438109840411491,1.1840233572110137,1.5285365116296796,7.392356362159132,-0.1299997368304083,5.1789562923617245,9.268372450332677,7.377073324002295
-15.152363100494798,-12.860021509450881,-13.28357477940078,-12.312173025516254,-8.607437376685057,-12.338525917948093,-11.694001144428949,-14.834263254963302,-14.129819446510643,-13.7915143218332,-10.58118951326445,-1.9830699296360899,-11.561531321526447,-4.414225491754511,0.41848695734187663,0.0
7.618419370215446e-11,3.833826510059211e-10,3.383443128860744e-10,4.667478573221263e-10,8.5111692922525e-08,4.667478573221263e-10,8.913356218137768e-10,7.760836115699537e-11,8.684413165888748e-11,8.684413165888748e-11,4.647779190211328e-09,0.06283054617636845,2.749975940009376e-09,0.0005021483530550737,0.6805418342133908,1.0
-6.7763427824931695,-5.751176457448325,-5.940595238188384,-5.50617116715872,-3.8493630172680486,-5.517956538934987,-5.229716297580693,-6.634084206845047,-6.319047358439252,-6.16775270725619,-4.732051806893445,-0.8868558333604042,-5.170473991785222,-1.9741016535151046,0.18715305686269826,0.0
