1LocalWordSwap,3LocalWordSwaps,5LocalWordSwaps,7LocalWordSwaps,ReverseOrder,LowPMI,LowPMIRand,KeepContentW,KeepNVAdj,KeepNV,KeepN,KeepFunctionW,RandSentFromPassage,RandSentFromTopic,RandSent,RandWordList
1.278296872175482,3.4150870680502297,3.6444567347233305,3.6683936245563458,5.329609752410169,3.487580039769927,4.568392858983453,4.148265199247299,4.420397144360518,6.029841663174065,10.827683073914653,22.061533956386317,4.767390747253717,15.789640941579673,24.150007680635156,21.551496315951862
0.2173829215849938,0.003601045504023767,0.003245155957088601,0.003245155957088601,0.0003202245272127558,0.003601045504023767,0.0008338802736231045,0.0006037984243446377,0.00041278637888832073,1.7670707515247722e-05,6.478798587906102e-09,8.798253854026134e-14,0.0001539831309050254,8.170033912233002e-12,1.0900890482051072e-14,2.64202883706845e-14
0.5716717403219489,1.5272733666481562,1.6298505999796586,1.640555502546966,2.3834739399869957,1.5596932091793971,2.043047396122324,1.8551605948427372,1.9768617004672138,2.6966271704835214,4.842287078419409,9.866217922879938,2.1320419572325684,7.061342097137185,10.80021176620845,9.63812215586093
-18.53264868504048,-21.21258728896488,-20.845106306889672,-20.63797632003568,-18.02327513695981,-22.346266699971537,-19.09977289404174,-15.967729284945905,-14.795806911838161,-15.523386544415745,-12.840676401092184,-2.5093632374151102,-20.094553512586433,-4.4144369186273895,0.845633669047278,0.0
4.169681398154602e-13,9.795906229634644e-14,9.795906229634644e-14,9.795906229634644e-14,5.760193073017117e-13,9.795906229634644e-14,2.98186256788837e-13,1.8128972527759097e-11,2.7015779042837177e-11,1.8128972527759097e-11,2.1049150059612645e-10,0.021877805086309154,2.6636638395516963e-13,0.000501913681821407,0.4088581204622297,1.0
-8.28805245257452,-9.486557431354687,-9.322214940082981,-9.229583593926149,-8.060253676684793,-9.993554276895253,-8.541678109177045,-7.140985625490629,-6.616886007366276,-6.942269510863833,-5.742525061983896,-1.1222213558198262,-8.986557526330088,-1.97419620648711,0.3781788736104547,0.0
