1LocalWordSwap,3LocalWordSwaps,5LocalWordSwaps,7LocalWordSwaps,ReverseOrder,LowPMI,LowPMIRand,KeepContentW,KeepNVAdj,KeepNV,KeepN,KeepFunctionW,RandSentFromPassage,RandSentFromTopic,RandSent,RandWordList
-0.35364609991471846,0.02939951495998491,0.2382934043213759,0.11952596252325026,0.6104280344907057,0.198565575000129,0.4336472257144603,-0.0644055023477517,0.20206513981477925,0.07351119268776832,1.089813902364851,3.1013738812539944,1.914278661357591,1.6960145360260173,2.0672708223979903,1.781470730359969
0.9768694788783001,0.9768694788783001,0.9768694788783001,0.9768694788783001,0.9768694788783001,0.9768694788783001,0.9768694788783001,0.9493572309745109,0.9493572309745109,0.9493572309745109,0.7254263959816041,0.03080387969143652,0.1071095854661541,0.1071095854661541,0.1071095854661541,0.09171596244423728
-0.15815534387739863,0.01314786279120939,0.10656805013048797,0.053453635455615725,0.2729917160985608,0.08880122473832425,0.19393293499034586,-0.028803016274919026,0.09036627770176912,0.032875204791387086,0.4873795937024253,1.3869765644252585,0.8560914429345746,0.7584807586763881,0.9245116173567604,0.7966979306022178
-2.332301459168384,-1.8000111780526558,-1.3188358613143445,-1.6553110874085941,-1.31732686999919,-1.6111256634674096,-1.299498478924979,-1.8372467113511013,-1.7583656183931107,-2.0161822842020323,-0.3595028388972524,2.015186604988444,0.48709244664997464,0.27299680717821995,0.5560266311510754,0.0
0.21017072196169534,0.21017072196169534,0.21017072196169534,0.21017072196169534,0.21017072196169534,0.21017072196169534,0.21017072196169534,0.11959468459545268,0.11959468459545268,0.11959468459545268,0.7234019622994559,0.11959468459545268,0.7879631030967543,0.7879631030967543,0.7879631030967543,1.0
-1.0430369213444914,-0.8049894708770434,-0.5898013274126717,-0.7402776230709429,-0.5891264859810434,-0.7205173007615154,-0.5811533871067659,-0.8216417076037994,-0.78636501040509,-0.9016641285013088,-0.16077455717568223,0.9012188472202356,0.21783436440720644,0.12208788369818047,0.2486626689108016,0.0
