1LocalWordSwap,3LocalWordSwaps,5LocalWordSwaps,7LocalWordSwaps,ReverseOrder,LowPMI,LowPMIRand,KeepContentW,KeepNVAdj,KeepNV,KeepN,KeepFunctionW,RandSentFromPassage,RandSentFromTopic,RandSent,RandWordList
0.940051388714801,0.8572567681053512,2.6840847090746043,2.7883034205310517,4.717750476236528,3.4668023017322698,4.410540337841637,1.4187457317510241,2.026006001716798,2.915949437484968,4.696246380507596,16.45174413485829,2.960358464920166,13.411148169671847,16.496613840044212,14.928577223385956
0.40257286041507934,0.40257286041507934,0.02121694527865487,0.02121694527865487,0.001181265248851294,0.006421868219575326,0.001181265248851294,0.17305672008773357,0.07230956213038518,0.015369997109062498,0.0004498102901464761,1.3607156502162501e-11,0.008376393804109664,1.2393130345554244e-10,7.796246630276306e-12,1.396156133500441e-11
0.4204037615018747,0.38337688153106847,1.2003591733717123,1.2469671980405235,2.109842153149377,1.5504011222452185,1.9724536025837576,0.6344823797965944,0.9060574285322622,1.3040522322337327,2.1002252291804653,7.35744364679532,1.323912553065683,5.997647792741627,7.377509988980541,6.6762626957692115
-14.281213249940325,-13.94260586844862,-13.363001744303084,-11.167910749206838,-13.932630136370307,-8.226336499779533,-10.829393043798175,-8.977279375182054,-8.13703132790685,-10.823832182253044,-6.266392273414926,-0.46149715798252916,-10.992518511513545,-2.410578534547989,0.7013071125251289,0.0
1.0274625486967266e-10,1.0274625486967266e-10,1.5339237305764572e-10,2.2264858904634092e-09,1.0274625486967266e-10,1.6434282196545132e-07,3.0159419421141378e-09,1.1432762829813918e-07,3.2042722533048506e-07,1.3030265334457995e-08,8.201654094869017e-06,0.6499701834204153,6.127954560539343e-09,0.04025605938765993,0.49207952986261105,1.0
-6.386752725607452,-6.23532290106772,-5.976116056741991,-4.994441520375418,-6.230861618057233,-3.6789295238589443,-4.843051800199215,-4.014761387182782,-3.6389910368490206,-4.8405649073135395,-2.802415819407045,-0.20638780333437884,-4.916003727133818,-1.0780434936702257,0.3136340753420568,0.0
