,KeepContentW,KeepNVAdj,KeepNV,KeepN,KeepFunctionW,manipulation
KeepContentW,1.0,0.6722226050849872,0.5309203573248074,0.03772885020030985,1.502158515530638e-07,information-loss
KeepNVAdj,0.6722226050849872,1.0,0.8528161807396909,0.08742204686328661,4.5662048553371984e-07,information-loss
KeepNV,0.5309203573248074,0.8528161807396909,1.0,0.066878579489319,8.071809889283433e-09,information-loss
KeepN,0.03772885020030985,0.08742204686328661,0.066878579489319,1.0,1.2410120454925548e-05,information-loss
KeepFunctionW,1.502158515530638e-07,4.5662048553371984e-07,8.071809889283433e-09,1.2410120454925548e-05,1.0,information-loss
