,KeepContentW,KeepNVAdj,KeepNV,KeepN,KeepFunctionW,manipulation
KeepContentW,1.0,0.89471790378609,0.89471790378609,0.5431311038872274,8.170510074781052e-08,information-loss
KeepNVAdj,0.89471790378609,1.0,0.9669733260894073,0.5511499539578485,7.653021054768093e-08,information-loss
KeepNV,0.89471790378609,0.9669733260894073,1.0,0.5511499539578485,8.170510074781052e-08,information-loss
KeepN,0.5431311038872274,0.5511499539578485,0.5511499539578485,1.0,1.0093397445796896e-06,information-loss
KeepFunctionW,8.170510074781052e-08,7.653021054768093e-08,8.170510074781052e-08,1.0093397445796896e-06,1.0,information-loss
