,KeepContentW,KeepNVAdj,KeepNV,KeepN,KeepFunctionW,manipulation
KeepContentW,1.0,0.9109338178138681,0.39220239870562806,0.11494759404806378,1.8504465552995212e-10,information-loss
KeepNVAdj,0.9109338178138681,1.0,0.43110632590504105,0.1286649136518695,2.41277200687043e-10,information-loss
KeepNV,0.39220239870562806,0.43110632590504105,1.0,0.3857190712481262,2.41277200687043e-10,information-loss
KeepN,0.11494759404806378,0.1286649136518695,0.3857190712481262,1.0,2.6653463305797445e-08,information-loss
KeepFunctionW,1.8504465552995212e-10,2.41277200687043e-10,2.41277200687043e-10,2.6653463305797445e-08,1.0,information-loss
