,1LocalWordSwap,3LocalWordSwaps,5LocalWordSwaps,7LocalWordSwaps,ReverseOrder,LowPMI,LowPMIRand,manipulation
1LocalWordSwap,1.0,0.9841030598832355,0.1747146256804491,0.15836272522284275,0.01328565866428263,0.04641659634292597,0.01328565866428263,word-order
3LocalWordSwaps,0.9841030598832355,1.0,0.1747146256804491,0.15836272522284275,0.01328565866428263,0.04641659634292597,0.01328565866428263,word-order
5LocalWordSwaps,0.1747146256804491,0.1747146256804491,1.0,0.7880737579251469,0.1655618992645126,0.25071680187789425,0.15836272522284275,word-order
7LocalWordSwaps,0.15836272522284275,0.15836272522284275,0.7880737579251469,1.0,0.40937518661093864,0.40937518661093864,0.30563337076829483,word-order
ReverseOrder,0.01328565866428263,0.01328565866428263,0.1655618992645126,0.40937518661093864,1.0,0.8138251548684893,0.7621972771108789,word-order
LowPMI,0.04641659634292597,0.04641659634292597,0.25071680187789425,0.40937518661093864,0.8138251548684893,1.0,0.9841030598832355,word-order
LowPMIRand,0.01328565866428263,0.01328565866428263,0.15836272522284275,0.30563337076829483,0.7621972771108789,0.9841030598832355,1.0,word-order
