,1LocalWordSwap,3LocalWordSwaps,5LocalWordSwaps,7LocalWordSwaps,ReverseOrder,LowPMI,LowPMIRand,manipulation
1LocalWordSwap,1.0,0.47898812665839313,0.4307430030682507,0.2079589031310053,0.03951107455467732,0.18821198066425407,0.058189891759675906,word-order
3LocalWordSwaps,0.47898812665839313,1.0,0.9102977930106703,0.5963722863187375,0.10926258961413121,0.5598635989486769,0.18821198066425407,word-order
5LocalWordSwaps,0.4307430030682507,0.9102977930106703,1.0,0.6494572211491375,0.10926258961413121,0.5963722863187375,0.18821198066425407,word-order
7LocalWordSwaps,0.2079589031310053,0.5963722863187375,0.6494572211491375,1.0,0.18821198066425407,0.9135406780694478,0.4307430030682507,word-order
ReverseOrder,0.03951107455467732,0.10926258961413121,0.10926258961413121,0.18821198066425407,1.0,0.18821198066425407,0.47898812665839313,word-order
LowPMI,0.18821198066425407,0.5598635989486769,0.5963722863187375,0.9135406780694478,0.18821198066425407,1.0,0.43673048301979306,word-order
LowPMIRand,0.058189891759675906,0.18821198066425407,0.18821198066425407,0.4307430030682507,0.47898812665839313,0.43673048301979306,1.0,word-order
