,KeepContentW,KeepNVAdj,KeepNV,KeepN,KeepFunctionW,manipulation
KeepContentW,1.0,0.6839883035434722,0.1797306644683472,4.901225097768421e-05,4.414745344798391e-11,information-loss
KeepNVAdj,0.6839883035434722,1.0,0.3515514368801383,0.0001973283740927896,9.10127630391358e-11,information-loss
KeepNV,0.1797306644683472,0.3515514368801383,1.0,0.0006159887964813717,4.414745344798391e-11,information-loss
KeepN,4.901225097768421e-05,0.0001973283740927896,0.0006159887964813717,1.0,6.400062057198951e-10,information-loss
KeepFunctionW,4.414745344798391e-11,9.10127630391358e-11,4.414745344798391e-11,6.400062057198951e-10,1.0,information-loss
