,scrambled1,scrambled3,scrambled5,scrambled7,backward,lowpmi,lowpmi-random,manipulation
scrambled1,1.0,0.21453146819026386,0.17927111489023478,0.17927111489023478,0.04793745906259556,0.21453146819026386,0.11578654918416768,word-order
scrambled3,0.21453146819026386,1.0,0.8621825921436248,0.8621825921436248,0.1567078409514083,0.95836564541252,0.2879203612840761,word-order
scrambled5,0.17927111489023478,0.8621825921436248,1.0,0.95836564541252,0.17927111489023478,0.8621825921436248,0.41601880669331637,word-order
scrambled7,0.17927111489023478,0.8621825921436248,0.95836564541252,1.0,0.17927111489023478,0.8621825921436248,0.42291404394126025,word-order
backward,0.04793745906259556,0.1567078409514083,0.17927111489023478,0.17927111489023478,1.0,0.14282485547194973,0.5364287827085966,word-order
lowpmi,0.21453146819026386,0.95836564541252,0.8621825921436248,0.8621825921436248,0.14282485547194973,1.0,0.24644639434985266,word-order
lowpmi-random,0.11578654918416768,0.2879203612840761,0.41601880669331637,0.42291404394126025,0.5364287827085966,0.24644639434985266,1.0,word-order
